index,price
2902,217000
73,169900
1537,94900
2638,76000
621,86500
1187,29900
2002,100000
1064,95000
324,159900
332,117900
1393,275000
650,69900
2827,395900
2762,109000
2164,240000
543,270000
1803,78000
1820,125000
2181,27500
1178,99000
679,115000
2097,75990
2031,259900
1660,26000
2997,132000
239,119900
1253,59999
1116,96900
1099,86500
764,44000
2022,402900
2256,84000
1117,60000
1103,134000
2848,189000
2533,151900
2498,65000
2923,82000
2826,58500
2530,178000
343,149900
1106,83500
2593,76500
557,74900
1476,71900
2960,80000
594,113900
1558,116770
411,129900
2653,188000
2474,169500
108,92900
1157,64000
2707,75000
318,101900
1036,140000
840,113000
2959,88000
1352,20000
2472,91900
1948,122000
2715,153000
680,115000
729,116900
789,72500
1815,152900
1057,35500
2799,390000
2542,29000
432,99900
564,157900
2010,92770
1777,1600000
70,24500
2873,128172
2948,139900
1610,399000
56,77999
1602,83500
651,42000
1461,35000
897,69900
785,100000
309,77900
2405,72500
1742,88000
907,104900
602,114900
1179,225000
2298,32000
1746,42000
2898,58456
2832,89000
2096,23000
1578,113900
572,119900
554,91900
945,65000
1230,26900
874,41900
2170,21500
2107,124000
1769,95000
2628,48424
1554,34000
120,235000
1491,66600
809,168500
1494,31000
1670,73000
313,62000
1563,68000
233,67000
507,77000
1123,183000
1110,24900
111,77900
2555,98000
410,53900
218,59000
2846,235000
2179,147900
2418,35000
759,105900
911,74900
807,67000
439,67900
544,18000
485,62500
1665,51000
387,210000
2890,53931
1740,51000
1231,148500
1211,74000
2304,58400
1941,67000
1161,110000
930,146900
135,469000
1225,150999
2168,43450
1498,95000
2257,45000
366,138500
2132,49500
2210,79900
29,44900
2502,720000
22,195000
1048,66000
2230,352000
1422,40000
2249,155000
183,21999
1135,110000
188,21999
420,104900
170,32000
1378,110000
460,265000
43,53000
87,58000
1323,36948
1709,89500
705,20000
903,120900
282,95000
1417,149000
693,429000
2090,144900
2067,98450
257,314999
2492,156500
2595,164000
1356,96900
2884,28000
2459,142500
2110,119000
2882,19000
149,33000
1071,29000
2359,63000
2743,290000
1446,108000
2113,189000
1097,35500
134,127000
2931,22000
831,79500
2344,87900
2482,69900
1088,91000
2058,85000
864,51900
528,119990
1907,87900
430,142900
2196,418000
1745,269999
610,44900
949,47000
2812,44300
221,78900
2134,180000
1956,71000
1037,59000
2646,50675
932,86900
2263,85900
173,42000
565,70900
1962,35500
812,46000
2439,49000
958,69900
527,54900
1055,54900
1612,254900
272,161500
926,57900
2003,48000
847,179900
952,139500
1621,50570
3001,147000
2316,124500
2291,165000
2594,250000
2033,72000
2580,76900
1359,39000
2229,263000
168,193000
2377,59400
1437,102000
2917,89900
1399,37500
1229,51900
2910,59000
1739,47000
367,83500
2276,88000
867,104900
1800,355419
351,85900
1173,58500
2928,56000
979,310000
1849,76900
2371,42000
498,45500
2157,105000
210,64900
2471,19900
601,47900
227,74900
365,59900
581,124900
2856,160000
1936,65000
2020,94000
859,45000
407,32000
1922,61000
1614,43963
678,330000
1374,71000
2408,40400
691,94500
7,56500
2815,189900
2757,109500
1780,80000
415,24900
670,59000
810,53000
1090,57000
199,117000
283,62000
231,124900
2431,47000
2476,31500
96,96000
2536,208000
2570,31900
2774,25000
676,98000
1075,257000
2782,24900
2864,110999
2588,26000
2825,109999
2373,65000
104,74500
1047,130000
599,64900
1809,125000
1909,208000
642,102900
700,89000
226,113900
1268,106000
1010,25000
2136,52000
776,129999
1731,180400
1080,282985
2066,250000
1590,100000
464,45999
1818,69900
1094,77000
1272,370000
2924,35500
2760,36400
1208,126000
212,47900
12,107900
2905,45000
422,32900
1525,28900
1302,105000
2896,600000
2320,40500
637,125000
2670,425044
2603,43000
509,69000
597,86900
2713,270000
2759,19900
2365,79000
2644,89900
518,91000
2794,117000
573,119900
2726,131636
1330,37400
1949,124000
1869,28500
1421,196000
2597,164000
964,245000
1018,38500
2909,44000
358,58000
736,114900
1786,68900
1609,430000
259,119500
2772,83900
1861,79000
2394,145000
1910,99900
2469,84900
2409,57000
969,82000
2032,78000
819,63900
2717,43930
2539,35000
456,111000
462,138000
2225,90000
1953,90000
381,87000
2329,61900
2813,40255
2309,74000
1507,31900
805,102000
1511,65900
756,106900
1475,280000
2071,43900
869,108000
1859,71000
1411,28000
2611,35000
2288,120000
2859,42540
1174,335000
542,275000
1442,126500
1730,63000
1960,46000
1766,86500
1480,131000
2422,420000
2528,144000
1344,95900
2174,94639
2895,20000
2591,36500
2037,109900
2421,20000
2849,107900
1260,435000
435,74900
1729,80400
237,78900
2114,88000
109,24000
2965,29000
163,185000
288,25000
252,135900
2202,57000
1553,195000
1289,51900
744,56900
1207,155000
2420,125000
1392,278000
2334,27900
990,86000
839,82500
1213,150000
1222,112500
1744,68000
2401,40000
461,117000
1771,74900
1436,117000
157,124900
1913,78900
1618,84500
677,27999
2561,99900
1874,64000
238,259000
2154,99000
2971,104900
1977,44000
100,136000
315,114000
1023,162500
1370,108000
767,35900
1345,76900
261,590000
1545,19999
1644,82000
195,66000
1776,204900
2560,429500
1736,79000
179,84900
2318,187900
340,117900
2847,345000
2384,37000
748,134900
1068,100000
662,230000
480,109900
2138,92500
871,108900
1340,58000
2436,245000
549,67900
1509,73360
2709,138000
742,119900
2416,107000
1706,78000
1151,159000
2446,99900
1911,99900
790,133900
2121,99900
2957,25990
247,95999
829,35800
1125,99900
2721,77000
626,114900
347,84900
278,48900
2541,112900
2281,59500
655,18999
2407,85000
838,19000
2865,121000
2589,37872
2351,129500
1710,74953
1830,64999
976,105900
445,104900
617,116500
1377,550000
2295,39900
1684,42000
1127,48900
1562,97900
2553,95000
547,57900
1775,119900
1624,110900
263,245000
1385,139000
2354,19990
1817,35000
353,86000
1032,92900
208,91500
613,109900
1721,135000
1726,122500
1737,38900
1402,87900
1752,21999
1502,19000
57,115900
2951,178900
811,42900
2348,75000
561,109900
2739,46990
229,124900
2510,48424
2844,47510
2851,82400
1451,319000
1235,88000
2126,81840
2797,91320
2862,31000
889,50900
1877,130999
707,114900
424,102900
69,22000
1029,47900
2967,124900
1688,380000
2208,310000
1583,289000
2582,139500
2622,82988
940,96900
620,51000
1373,60900
2765,152000
1601,162000
1381,41000
1506,32000
1474,99000
2131,89500
2046,84900
2383,89000
279,152000
1611,254900
2682,90000
1309,135000
1195,98900
2504,88250
553,106900
834,30000
962,329000
596,184900
2452,67000
802,340000
2944,125000
2987,59000
2720,65900
440,109900
508,99000
76,115000
2356,165000
649,56000
522,379000
1488,51500
1105,180000
2808,62000
654,57000
1177,38000
2795,479000
1598,55250
2242,35900
630,61000
1255,35500
1650,75000
2817,430000
482,102000
1929,39000
1114,90000
2564,56770
1089,132000
438,128900
1718,25000
2184,50942
856,61000
1985,84900
166,128000
59,37000
611,96900
530,74500
1741,101900
49,119000
2992,420000
1011,65000
858,84000
1017,77000
48,66000
719,124900
2410,106000
1278,72000
2247,121000
2763,20000
632,34900
1295,310900
2279,169500
1596,120000
1286,115000
25,35000
1808,69000
219,49900
1283,219000
276,118000
2189,430000
1398,21000
1236,390000
1641,74000
999,40900
2941,139000
361,48000
1200,78000
1543,82000
1672,49900
2335,57000
1044,20900
1837,79000
2620,95000
2299,88000
2091,199900
2630,86500
297,63750
1313,42544
937,60000
240,199999
1192,199999
582,74900
1797,47000
1204,78000
2710,94000
1801,67900
2398,135000
350,52000
2746,134000
1221,120999
349,175000
2751,432600
1241,26500
643,145000
2014,41000
944,225000
2650,67886
657,99000
1916,97900
1767,33000
1237,34900
2468,74900
647,445000
1034,30000
1263,78500
2647,155000
1073,100000
538,76000
2234,70000
2503,42783
2376,225000
1532,35900
2013,19000
2053,119900
801,120000
786,209000
2900,69000
2042,40000
788,99000
1626,105000
1391,21900
2015,54000
714,52000
803,28000
1637,76000
2258,25000
123,32500
1317,105000
2350,179900
2816,152900
618,248000
406,74000
2701,49900
1871,57000
1134,56500
1593,29000
497,140000
2124,79900
325,214900
342,114900
1840,163000
2850,91900
782,97000
2627,158000
299,66000
1462,70000
1146,101000
303,75000
2456,66440
2958,19000
1657,17900
664,119900
1691,116900
220,92900
1860,62374
2419,63000
1456,76900
449,117900
1429,59900
2177,76168
84,69900
2525,37460
941,83000
961,72000
841,129000
2738,27000
2379,103143
2901,500000
1512,104900
290,35000
1927,105000
2339,60000
604,96900
2034,75000
916,108900
1239,75000
2969,102900
2099,110000
1288,47900
821,34900
2470,64500
1000,75900
1336,38000
18,160000
1778,250000
2460,189000
1640,122000
2692,45900
1536,139000
2004,116900
1623,54900
1978,86400
2283,74000
1902,35000
360,105000
1102,60000
1465,29000
1565,57000
344,124900
986,46000
1261,174500
1714,207000
2011,129900
1897,73000
1084,29900
1576,18900
85,62000
2064,254900
668,88000
1014,44900
128,71000
2273,28000
2833,275000
891,119900
2486,64900
307,94000
383,64000
1835,115000
1128,214900
426,46900
494,780000
1566,110000
2983,204900
2749,25000
1674,29900
1608,239000
275,17999
489,67000
1206,105000
690,91500
2748,80000
2374,48000
1190,67000
2206,53000
2080,235000
1058,132000
118,155000
2083,115000
1987,131000
281,23000
2718,256000
2892,55000
1988,890000
1149,259000
2907,114000
2194,102000
1945,96000
304,13000
1846,135000
1357,95000
1366,215999
575,94900
1873,42000
2573,145000
2624,74900
1467,86500
1606,158900
843,89000
1779,119000
269,72900
629,118000
1033,35000
286,66000
2212,65000
300,91000
1350,64900
1813,122850
65,30000
2221,92000
890,129900
2669,42542
1732,59900
1220,69999
230,112900
503,86000
1210,33000
1351,250000
2442,34900
1228,110000
1004,144900
836,86999
2516,21000
374,174000
1251,76900
2111,83000
1788,99000
1805,145000
2195,72000
751,68900
99,57500
2526,35000
866,89900
910,86900
1321,43900
529,43000
636,129000
185,62000
1188,128900
1405,58000
931,98000
1591,69900
2296,18000
1397,179900
2402,82000
2001,35000
607,70900
1343,136999
151,96900
1468,111500
2493,263355
731,109900
1338,72900
2176,32000
2730,39000
23,95000
1662,119900
158,37900
861,112000
902,78900
1431,49000
2254,117000
444,102900
2939,38000
754,44900
923,69900
2972,60900
2103,118000
311,77000
548,116500
1947,54000
1457,81000
306,122900
287,37000
694,97000
308,43250
2321,95000
749,104900
1435,275000
2098,108500
908,139900
1882,23000
2381,12400
2819,68412
2495,640000
970,138000
13,90000
873,24900
808,96000
2579,52900
514,49000
2414,79250
409,70900
1364,61500
2260,155000
1307,104000
1226,45999
1804,187000
1419,100900
382,430000
1702,99010
2188,68000
1326,93500
1472,14000
552,109000
222,52900
1096,79900
2599,60000
8,28999
1477,74900
316,160000
427,104900
1697,112000
105,82000
1938,103900
142,89900
121,10000
2372,155000
2866,44000
1189,73000
2980,120000
2601,72162
1425,50000
115,92000
1406,95000
2894,48025
2144,69000
2798,131500
2950,211500
2839,92000
1798,345000
672,75900
1432,162500
2538,139900
591,86900
2704,82900
888,59900
2163,85000
1754,52000
2411,68000
213,36900
2009,689000
2079,40000
800,95000
2481,103000
2063,63900
2284,32000
2663,131000
2712,19900
273,179900
71,44000
1791,90000
1087,65000
394,90000
583,107900
1972,115000
2617,128000
500,75500
2016,119900
2345,137000
2981,98000
2741,43019
2671,37900
1259,32000
1743,286900
205,84000
733,31900
1517,39900
526,69900
1376,189000
898,114900
377,190000
1727,57000
2683,108900
1444,115000
386,115000
198,21999
1050,115000
590,114900
519,329900
2116,67000
429,134900
1083,110000
207,200000
491,266000
1334,16000
2913,127000
792,117000
2744,74920
1186,109317
1185,110000
1762,68000
1656,275000
2233,73000
83,120000
2370,67999
2227,161500
20,77900
1764,109900
1559,229500
1940,103450
2694,63350
1939,49900
973,58999
2858,109900
883,124900
1098,27000
156,90900
2691,84900
886,90900
3000,17000
1659,123640
2549,165000
1497,39500
2535,128000
2025,49000
1577,24000
2649,44400
458,200000
1894,395000
78,17000
2915,58000
1056,18000
906,354900
1564,24900
2215,118900
2697,120700
380,30000
947,125000
1713,155000
1961,88500
715,75900
1915,109900
686,95900
2566,785000
1293,87900
305,17000
209,15000
1486,385000
2222,118000
2977,125000
1538,149000
885,130900
2338,24000
917,54900
2499,65000
2791,160941
191,150000
1748,83500
2028,41762
1265,56500
483,435000
915,129900
2600,60000
277,106000
988,25999
1455,134900
1896,365000
1628,12999
571,70900
993,39990
1831,18900
1756,29500
585,109900
1572,385000
2995,135000
1349,63000
2029,33000
674,119500
1694,128900
855,63000
447,136900
2936,25000
2149,89900
2360,25999
2259,115000
2676,62576
2441,85900
1717,33900
2672,98000
1247,55000
294,95000
588,100900
1281,109000
1423,475000
2438,63500
1427,20000
2938,65000
425,124900
534,56500
1054,219000
1866,117000
2505,29000
1426,54500
132,215000
1839,319000
2430,18000
421,94900
2659,72000
2030,57500
2312,745000
1368,121000
556,71900
2045,45000
1487,69900
2823,70576
570,46900
352,92000
91,68900
2123,80000
2534,54000
1170,29000
2986,93200
1285,11500
1703,28000
2319,35999
1448,49900
2942,130000
697,100000
2507,310000
348,24500
2954,96000
2347,32900
2792,37974
2996,100000
1137,90000
2688,49000
1453,210000
2837,48040
2821,128264
1339,59900
2605,18000
453,92900
913,73900
1199,196500
1274,49945
1868,79900
37,97900
974,60000
2771,46000
983,114900
1807,66900
1963,19400
1418,40500
1284,85000
39,112000
2745,120990
169,25000
1355,259900
737,102900
1551,79000
2700,104900
2963,110900
634,12500
2648,79900
1920,34000
1290,117000
1380,269000
579,44900
328,56000
2835,190000
892,92900
2728,105000
780,100000
159,104900
2019,125240
2529,60000
2325,56000
61,275000
849,89000
2130,49000
2893,49000
1043,11500
2497,109000
1937,85000
1620,48040
1070,24000
53,25000
258,59900
505,89000
752,28900
1980,44090
2043,122900
2810,145000
1518,100900
2999,130500
2274,211500
1389,35000
1266,65250
2467,68900
1712,45000
771,99000
2803,151000
2651,53030
2686,77000
1085,75000
1720,79900
1533,160000
1325,78000
2120,22000
1556,129900
2228,60000
1832,125000
1883,33000
1681,113000
2389,22000
1716,22000
1163,175000
963,45900
2903,29900
2756,420000
398,28999
584,134900
948,116000
704,134000
431,109900
292,16999
145,33000
323,118000
2484,29900
1165,19000
1452,319000
2,79900
576,74900
2737,52000
339,114900
1783,85500
1586,42900
925,59900
265,168000
376,115900
2050,44900
1463,74500
271,308500
696,145000
2975,60000
244,65000
2868,580000
476,119900
2241,29900
1723,189000
1850,844000
1677,114000
2784,53500
2955,105000
1925,68412
1872,109000
250,79000
413,47900
545,128000
1193,33000
738,104900
310,119900
1690,272000
893,119900
1131,43900
1449,162000
2908,98000
15,49999
1952,137000
721,94900
1420,38000
2634,56500
981,62000
1876,449000
1539,106000
2531,71990
1550,97000
2423,92000
363,125900
1999,29000
182,335000
985,199900
1992,102000
1194,129367
1770,117900
2930,44000
1121,96900
187,20999
619,90000
1613,49512
1175,31000
1182,449900
2754,65000
2840,221900
614,69900
1513,64900
1466,113500
401,36900
994,127900
934,56000
371,149000
1924,319500
2166,50000
593,113900
1912,102900
726,59900
826,82000
1675,144500
687,102900
2216,69999
136,240000
2451,58500
628,92000
334,194900
390,48500
2310,71900
1109,126500
1738,67000
2699,88900
710,125000
1039,38000
1886,62000
2397,101900
2596,164000
1561,116770
2758,114000
1594,64000
2550,55000
1112,122400
465,85900
1560,50000
1223,165000
2232,94000
2968,53230
2349,97000
1508,58000
1104,109500
1990,345000
338,52900
215,84900
1615,36500
1918,39500
2515,34000
2805,77000
1592,17000
2357,100400
2988,171900
2523,160000
816,81000
1067,36000
2005,485000
274,115000
2245,180000
865,41000
101,35999
1501,79500
2293,92000
171,81900
107,23999
1864,93000
1521,55000
2989,35000
2203,94900
1957,70000
1765,50900
2073,90000
1964,67078
2251,39000
2341,119000
2576,115900
1760,295000
295,52500
712,49512
72,112900
1954,93000
2270,29000
2562,17000
2886,250000
481,279000
2219,115000
1530,264355
2040,91000
1514,137900
2962,419000
1490,88900
1171,24900
2453,55900
1995,34390
2687,250000
2447,191124
2272,460000
405,195000
757,115000
2412,301500
2185,29500
2424,239900
97,42900
1333,28990
2390,69000
743,126900
806,33999
2770,53000
1898,98000
2500,25000
1535,126900
2051,23900
2012,35000
148,109900
2211,48900
2054,130900
1904,123000
1315,500000
692,42000
818,97000
1728,53358
1386,229000
2282,49120
2057,108900
1599,58000
2362,148990
2458,39000
701,351000
1880,50000
2657,178000
921,71900
1424,76500
1708,95000
905,113900
454,109900
2512,850000
2852,20000
2240,215000
167,46000
730,86900
2159,35000
1310,155000
26,133500
1991,27000
1652,118900
1622,154900
587,64900
2018,59000
997,34000
1176,134990
1700,94999
1040,65000
33,88000
1811,80000
2369,75000
1379,144900
41,121000
1793,55000
2190,279000
2607,67000
2584,43930
1812,145000
2768,80000
609,114900
1132,39500
28,139000
441,74900
2367,54000
2161,173900
493,109000
1258,128000
1301,219900
2540,59000
2366,122000
1382,25000
1304,95900
236,70000
551,129000
520,89250
2218,60000
1232,278000
1138,19000
720,91000
735,60900
2654,62000
1750,70000
58,67900
631,98000
1181,23999
2204,83900
592,116900
1303,95900
1387,105000
2616,51900
2631,83600
1847,43000
939,101000
2789,44900
1249,90000
904,51900
2666,21000
1279,66900
2403,22500
2880,99000
2127,49500
2548,42545
2044,138500
1142,121900
2382,93551
706,192900
2642,40000
1022,36900
745,49900
1546,44900
2358,168000
2140,32000
513,48000
81,80000
2662,63000
1308,70000
2496,92000
914,114900
1404,57000
1647,104000
2761,29990
1108,84000
150,17000
2727,100000
774,100000
329,132000
6,72900
943,95000
822,119990
734,129900
909,94900
468,92000
181,149000
164,1030000
1523,85900
451,86900
490,100000
2656,165000
1143,24999
1311,285000
2243,17200
1111,232000
2855,28999
1979,89500
1441,45000
1891,48100
1006,39000
1627,106900
1632,149000
1074,40000
578,46900
2102,15500
2346,95000
2488,71642
2303,90000
327,215000
1790,101500
442,36900
1858,349000
2171,450000
1983,68000
832,68900
2375,39000
2104,72000
1414,85000
1201,30000
2315,499000
1499,120000
1889,175000
86,55000
1403,26000
2927,72852
1481,122382
777,590000
799,128500
1666,12000
54,105000
2952,113500
1287,55000
1667,87000
2587,116900
2155,85770
1701,69500
1245,52900
113,284900
2807,125000
987,145000
501,47000
2153,80000
1009,129000
1198,598000
1394,106770
589,109900
768,20000
17,83000
1042,161000
1447,60000
2464,131900
285,95000
2639,146000
428,47900
1328,91000
1950,38000
669,239999
31,110000
1341,23900
722,80900
951,390000
1914,114900
2563,149999
214,27999
989,18000
1164,12999
2793,55000
2007,25800
326,29900
560,119900
1383,162000
1724,295000
1086,77000
2332,111900
341,74900
1653,74900
147,91000
2340,79000
2413,82000
1107,83500
848,88000
966,50999
1072,29000
2465,105000
1905,36000
155,139900
665,43000
661,46000
1002,195000
2342,199500
2517,139988
176,99900
2655,75000
1879,94000
1524,266355
2818,68098
1203,70000
24,25000
2811,135900
2684,63000
2078,130999
2658,43450
875,107500
2696,15900
938,19999
2698,48900
1552,89000
346,249900
2508,26000
2973,185000
2129,55000
1926,56000
385,101000
1829,120000
2162,22000
2509,38486
2947,49000
243,91000
2087,38680
1826,119000
936,386400
1689,78400
2581,49900
312,49900
1459,99900
2926,120000
2108,139000
1332,15000
968,69000
1454,110000
660,65000
1934,180000
935,51000
370,132000
566,78900
1973,115000
1854,107500
1024,49900
824,118000
982,122000
2428,20999
2069,53902
1645,47000
2583,82900
2246,128000
2119,178000
813,109000
1792,138000
1430,79900
778,13000
1749,399000
1320,85000
2106,121000
2872,34900
1052,134900
2322,101000
1013,172000
1928,113000
1401,209000
1822,43000
2248,169000
2494,204900
2592,129500
126,41900
2092,130000
2991,71906
887,130900
2457,75060
1347,99000
1007,175900
355,110000
1003,135000
1483,85000
682,27000
827,75000
2949,37000
2443,36900
2086,49000
984,85500
1233,139900
2554,110000
1639,38500
140,89000
217,20000
2466,41900
362,22900
2665,139000
345,69900
2059,109000
711,31900
2906,106500
10,124900
2417,37000
1834,441600
793,72000
2766,139500
94,88000
129,80000
1900,109900
2396,57208
1932,97150
2147,69900
1865,117000
1658,20900
516,130000
1857,75000
1277,109900
950,110000
1120,59000
419,59999
922,114900
2716,63420
477,67000
2035,380000
2178,41618
1692,165900
2213,57900
1471,84900
1202,62000
1669,79000
2775,110000
1970,107000
820,58900
1997,79900
2869,97900
1248,289900
2661,152000
2614,106094
1046,120000
1888,73900
615,339900
1318,229000
2885,139000
2461,143999
1772,164900
2953,73900
131,15999
77,135000
2052,89900
724,68900
1314,445000
1851,105271
2297,165000
2487,100000
1372,50999
1855,42000
1319,82000
2875,165000
2172,68500
375,67900
1908,35000
333,109900
2252,60000
2302,485000
1604,16499
1118,120000
2829,110000
1943,127288
2262,81500
2522,73000
1342,49999
320,113900
1619,41000
2448,113710
2060,1450000
1673,162000
1942,137000
260,52000
2355,81500
2039,199900
689,68000
901,84900
2026,88000
138,89000
1917,38898
1828,159000
1573,100900
319,109900
653,138500
2137,92034
2323,199900
558,69000
112,139900
531,30000
224,136900
723,46900
2429,19000
2571,67000
1433,146000
2330,74900
1458,80000
2702,92000
846,52000
193,24900
1464,122000
946,55000
2021,106500
1629,20000
117,199999
645,54900
1870,62000
3,44900
74,109000
1755,290000
467,48000
5,102900
1246,170000
919,103900
228,100900
1063,102996
242,82000
2280,62000
1160,103000
2514,115000
1526,235000
1605,790000
2785,34000
2328,96500
2545,79900
1989,51900
2353,49900
1975,80250
1761,125000
1305,49999
1541,106000
622,59900
2314,455000
1493,79500
110,53900
2551,105000
1169,139000
2462,295000
232,112900
66,121000
2708,167900
2072,115500
2192,127000
536,125900
125,82000
2133,110000
1254,113000
2689,282000
1976,59900
2463,60900
2667,76609
2075,99900
484,26000
1654,77000
2677,71900
2266,181000
2406,48558
1774,119673
918,64900
1646,50000
1026,70000
1030,55900
882,109900
1335,49000
2223,99000
364,73000
2125,42500
27,57000
473,219000
525,61900
725,121900
55,157000
638,79990
302,299000
2609,139000
1276,27000
2636,90000
624,199000
2055,124900
1280,75900
1049,76000
336,116900
47,119900
106,27000
1079,432600
1144,133000
2387,39990
1836,45000
1753,88000
1101,168000
1968,131900
523,179000
1428,108000
2608,239000
603,56900
1489,90900
2610,93000
60,420000
2750,64999
671,21000
92,88000
666,62500
1887,25900
280,61000
1719,125000
359,79900
899,130900
1935,114990
1994,19500
2313,52000
760,115000
2158,115000
2623,73938
42,72000
2173,151900
204,52000
1473,71999
2100,35000
68,70000
1875,39400
2380,43450
2231,34500
137,82000
796,34900
2180,221900
2128,87000
758,137000
541,21000
1019,58500
2289,114000
165,47999
248,17999
1331,103900
2017,135000
446,129900
1358,30900
2145,58213
1329,69900
2911,65000
2150,19999
434,84900
2122,76500
577,54900
2392,156000
2742,119000
1848,894719
762,108900
388,288000
235,79900
2606,249000
1984,66000
267,150000
770,40000
2165,49000
437,124900
673,235000
249,192000
2201,52000
1574,71000
2142,189500
2081,37460
2618,349000
2569,20800
2740,41586
448,94900
1469,127000
716,40500
2399,112000
2615,95060
2048,127500
1901,46900
1168,160000
82,84900
2425,359000
1460,349900
1893,52000
1668,67078
2000,67078
475,325000
517,175999
404,25900
384,35999
2434,41618
2152,163000
1633,68000
2860,74900
688,89000
1240,87000
62,34900
852,119000
2752,29500
2477,73000
1262,90000
223,114900
2193,91000
373,104900
1824,101000
2643,50000
2870,64900
2755,110000
2685,105000
9,94900
1944,43900
1838,111019
708,99900
255,163000
1617,426000
389,121000
1581,73500
924,44900
2036,42900
2404,59500
1224,344000
1946,153000
739,92900
40,64000
868,57900
539,94000
2769,95000
1371,110000
1145,115000
1031,225000
372,229000
667,116900
357,219000
967,17999
1353,62500
1035,120000
470,59900
1396,185000
2621,236000
1549,57000
1256,140900
2094,189900
1555,103000
2590,30000
1250,42900
1699,125000
1252,16000
2781,115000
79,113000
1172,23900
814,95900
1852,20000
2220,106200
2629,319500
2105,127000
133,61900
1140,141000
933,70000
928,112900
823,185000
1531,35900
1214,22000
504,100000
2966,179999
2395,128000
1996,80000
1958,72000
1384,53000
894,74900
828,63000
2921,60631
1683,60000
2575,87900
2626,62900
2513,62400
652,64900
172,69900
38,66900
2861,40000
713,189900
90,17000
2956,99000
1205,64900
2586,128000
1827,74959
1155,130000
1324,255000
216,66900
510,135900
1680,55000
499,30500
2480,131000
1856,165000
1388,29900
1519,62900
2386,109999
2722,43450
2076,79978
1540,129000
1217,37000
1416,281900
2217,92500
2519,650000
1676,49000
1197,40000
1542,72999
953,90900
750,74900
234,69000
732,86900
2994,95400
1156,75900
2574,96060
2445,290000
1209,150000
1065,89000
2156,229900
1062,21900
1167,34000
1492,105000
2475,66900
884,90900
143,69000
2943,46000
850,345000
717,76900
2843,49130
264,64900
75,74900
395,73000
2546,49120
2224,39500
2800,295000
396,59900
1365,275000
2501,129000
1903,206000
595,90900
2109,132000
1296,74900
1821,86894
872,92900
2912,105000
2326,59000
1548,155000
36,62000
2527,64000
2143,37500
2719,50396
977,32000
1571,508000
1122,32000
2239,225000
1892,11990
675,59000
728,66900
412,83900
1516,95000
1649,270000
825,139900
616,98500
114,207000
417,102900
1625,57000
2940,115000
89,97900
2082,190000
753,46900
1630,77400
11,129900
2444,249900
284,43000
1066,36000
1191,119000
1440,204000
2802,158000
2801,222000
2711,94000
1568,88000
2427,67024
2578,221000
1687,40013
851,879000
2207,89900
895,90900
496,110000
2305,132900
1782,100000
335,90900
515,46500
1348,103000
1015,38500
2809,375500
2804,126900
1781,95000
1785,60000
2070,63350
356,79000
2984,160000
1312,61000
1635,160000
550,309900
2388,24000
2479,92000
2521,121900
2265,39000
1227,79000
2681,152900
957,124000
1773,88900
2141,70000
1008,62000
1092,32500
2822,135000
996,98000
1679,101900
153,27900
2783,28900
580,66900
1470,111933
703,45000
1212,39000
896,61900
487,87000
559,58000
1141,85000
1119,16000
512,109900
633,85500
2585,53230
1664,50000
1012,110000
1931,101000
1150,123000
2806,168000
116,17999
740,118900
2764,121990
1974,82000
1081,45999
1810,187000
830,24900
119,121500
656,94900
2733,127000
2838,99000
2933,68000
635,99000
369,75000
268,89000
46,135000
991,87900
876,108900
773,186500
1219,456000
1126,96900
4,42900
1595,136500
2311,282000
2491,109500
1077,29900
837,84000
681,32000
1715,59900
2352,85000
2361,79000
2197,87900
1148,88000
574,109900
50,66000
853,47900
1982,117500
1823,110000
833,62500
1115,83900
1166,437320
2518,40000
1906,210000
971,121000
399,18999
2559,155000
2368,115000
19,113000
684,79500
35,149900
2830,117000
524,120000
2455,83000
920,56900
1841,89500
1890,1399000
537,155900
1705,86000
2932,66900
245,92000
784,235900
1409,149899
2537,228000
154,174900
1686,70840
625,149900
2877,93400
1346,102000
569,137900
2934,305000
1758,169000
1816,59500
2065,120000
127,12500
2979,79999
2006,112500
980,115000
2976,58000
190,52000
1139,135000
992,59900
699,162500
606,92900
180,122900
301,280000
2544,26000
2776,64900
1060,92000
2820,68500
2961,179900
2565,67000
1069,59999
2524,109000
2205,53900
1243,59000
16,179000
2982,263355
546,75000
658,92000
2705,74500
2736,43450
1504,59900
959,124999
2331,89900
797,89000
225,112900
2074,85000
1799,129000
2485,160000
2964,86999
2277,163000
2085,164900
1693,25000
1045,44200
469,138000
954,83900
2978,41500
639,69900
2779,39500
1218,76900
1158,130478
1415,37000
2714,119000
1527,46000
2922,60528
1300,110000
2867,135000
1603,635000
160,89900
1704,53000
956,57000
2916,60900
877,104900
1919,52000
1884,175000
2200,57900
98,144900
2828,137500
2557,56400
253,74900
103,124900
1445,195000
1443,36999
1648,133999
586,119900
627,24900
1696,35000
2101,50500
2199,59900
403,22000
1154,24000
2255,41000
1682,83999
2056,49900
2845,48590
452,119900
2301,36990
1327,155000
2049,82900
880,49900
2990,42545
623,198000
2393,145000
2876,75000
1787,16900
262,120000
1634,93000
1438,28000
2198,81900
1969,60000
2520,44000
1802,50000
640,151900
2385,29990
2598,65000
2831,92000
1959,43999
488,129900
1843,49000
1734,169900
146,86500
1534,85900
1986,82900
1369,55000
2450,86900
2937,85000
659,187000
1794,99999
2511,48040
186,50000
1147,124900
608,75900
2191,175000
1930,37000
197,125000
2327,49900
293,62500
766,196500
400,54000
122,49000
202,19999
835,46000
2294,22900
1439,112000
1733,110500
1695,19900
2929,24900
1707,84000
2914,129000
1153,64900
1661,85000
2432,30000
1759,48000
854,39900
1589,115000
2267,37000
641,85000
1,45000
2160,168900
698,36250
1636,102760
1291,480000
2857,137000
2489,72500
1520,182000
1853,29990
1136,110000
2899,105271
1631,50000
1998,103300
663,199000
683,123000
1257,77000
317,124900
648,285000
1434,289000
1479,93900
709,84900
1282,153000
1768,46900
972,83000
2675,532000
2680,116900
1306,100000
1400,199000
1408,86000
2237,449900
1496,85900
2038,119900
1529,264355
1663,54000
1354,53900
2925,235000
2946,430000
1643,108000
1051,137000
795,46000
2693,52500
1597,45000
2604,56000
2729,181000
2625,11990
1819,60000
1722,89900
1183,31900
2572,195000
1059,128900
540,270000
1678,119000
2796,109900
2889,108860
2532,223000
1757,36948
1923,90900
95,41500
1020,86000
563,109900
2790,38500
863,29900
1484,105000
1881,54000
1038,275000
206,119900
392,206000
2842,49130
870,115900
397,119000
2814,72040
2883,71052
1028,255000
2690,52900
1485,195000
2660,63900
960,99000
1570,50900
2773,123900
1895,76900
2731,179000
2146,68005
804,116000
1751,183000
2454,28000
502,99000
779,79999
1863,69000
200,47500
2182,165000
2088,55000
2278,182664
1796,300000
378,87900
2336,115600
418,43900
1698,14900
391,74900
2640,110000
1522,85900
1162,89900
1495,97000
2695,75930
2027,100000
1152,68500
1367,229000
2568,46885
64,91999
2062,91900
1180,118000
492,178500
379,26000
2235,48000
763,53000
2264,79000
791,46000
1076,29000
878,70900
337,113900
2767,95000
2343,349900
1016,56000
1275,39500
455,109900
815,72000
2317,91900
995,89000
1981,471000
201,171000
161,99900
1579,146000
2777,126900
2449,104600
702,160000
1500,140000
1129,74900
2613,98500
1021,114000
1585,29800
1955,55000
2253,217400
34,94500
775,27500
2556,109000
1478,295000
1390,53000
2139,82000
1363,103000
2945,165000
2612,68840
2824,52853
2041,58999
241,115000
2061,63500
2363,175000
600,34900
2435,86000
1297,190900
2214,86900
2888,118000
2068,50180
646,102000
1528,311000
2879,52000
1267,23000
1899,227000
562,51000
2734,90000
189,141000
1806,39900
975,89000
2747,164158
2047,131900
2558,52844
1082,112000
474,29000
2904,89900
747,74900
2300,83900
21,89900
459,153000
1184,32900
2324,44900
955,97900
1215,75000
2433,25250
2853,99000
1515,73000
2391,84400
769,99000
1685,71900
130,110000
2919,452000
2135,310000
1482,430000
330,62900
1238,195000
466,164500
2169,78500
1638,192900
1095,83500
1130,78900
1294,137990
860,127000
